o:END_ID,p:TYPE,s:START_ID
370000,located_in,370400
370000,located_in,370500
370000,located_in,370100
370000,located_in,370800
370000,located_in,371700
370000,located_in,371300
370000,located_in,370600
370000,located_in,371200
370000,located_in,370700
370000,located_in,371500
370000,located_in,371100
370000,located_in,370900
370000,located_in,371400
370000,located_in,371600
370000,located_in,370200
370000,located_in,371000
370000,located_in,370300
370400,located_in,370402
370400,located_in,370403
370400,located_in,370404
370400,located_in,370405
370400,located_in,370406
370400,located_in,370481
370500,located_in,370502
370500,located_in,370503
370500,located_in,370505
370500,located_in,370522
370500,located_in,370523
370100,located_in,370102
370100,located_in,370103
370100,located_in,370104
370100,located_in,370105
370100,located_in,370112
370100,located_in,370113
370100,located_in,370114
370100,located_in,370124
370100,located_in,370125
370100,located_in,370126
370800,located_in,370811
370800,located_in,370812
370800,located_in,370826
370800,located_in,370827
370800,located_in,370828
370800,located_in,370829
370800,located_in,370830
370800,located_in,370831
370800,located_in,370832
370800,located_in,370881
370800,located_in,370883
371700,located_in,371702
371700,located_in,371703
371700,located_in,371721
371700,located_in,371722
371700,located_in,371723
371700,located_in,371724
371700,located_in,371725
371700,located_in,371726
371700,located_in,371728
371300,located_in,371302
371300,located_in,371311
371300,located_in,371312
371300,located_in,371321
371300,located_in,371322
371300,located_in,371323
371300,located_in,371324
371300,located_in,371325
371300,located_in,371326
371300,located_in,371327
371300,located_in,371328
371300,located_in,371329
370600,located_in,370602
370600,located_in,370611
370600,located_in,370612
370600,located_in,370613
370600,located_in,370634
370600,located_in,370681
370600,located_in,370682
370600,located_in,370683
370600,located_in,370684
370600,located_in,370685
370600,located_in,370686
370600,located_in,370687
371200,located_in,371202
371200,located_in,371203
370700,located_in,370702
370700,located_in,370703
370700,located_in,370704
370700,located_in,370705
370700,located_in,370724
370700,located_in,370725
370700,located_in,370781
370700,located_in,370782
370700,located_in,370783
370700,located_in,370784
370700,located_in,370785
370700,located_in,370786
371500,located_in,371502
371500,located_in,371521
371500,located_in,371522
371500,located_in,371523
371500,located_in,371524
371500,located_in,371525
371500,located_in,371526
371500,located_in,371581
371100,located_in,371102
371100,located_in,371103
371100,located_in,371121
371100,located_in,371122
370900,located_in,370902
370900,located_in,370911
370900,located_in,370921
370900,located_in,370923
370900,located_in,370982
370900,located_in,370983
371400,located_in,371402
371400,located_in,371403
371400,located_in,371422
371400,located_in,371423
371400,located_in,371424
371400,located_in,371425
371400,located_in,371426
371400,located_in,371427
371400,located_in,371428
371400,located_in,371481
371400,located_in,371482
371600,located_in,371602
371600,located_in,371603
371600,located_in,371621
371600,located_in,371622
371600,located_in,371623
371600,located_in,371625
371600,located_in,371626
370200,located_in,370202
370200,located_in,370203
370200,located_in,370211
370200,located_in,370212
370200,located_in,370213
370200,located_in,370214
370200,located_in,370281
370200,located_in,370282
370200,located_in,370283
370200,located_in,370285
371000,located_in,371002
371000,located_in,371003
371000,located_in,371082
371000,located_in,371083
370300,located_in,370302
370300,located_in,370303
370300,located_in,370304
370300,located_in,370305
370300,located_in,370306
370300,located_in,370321
370300,located_in,370322
370300,located_in,370323
320000,located_in,320400
320000,located_in,320700
320000,located_in,321000
320000,located_in,320100
320000,located_in,320800
320000,located_in,320200
320000,located_in,321300
320000,located_in,321100
320000,located_in,320900
320000,located_in,320300
320000,located_in,320500
320000,located_in,321200
320000,located_in,320600
320400,located_in,320402
320400,located_in,320404
320400,located_in,320411
320400,located_in,320412
320400,located_in,320413
320400,located_in,320481
320700,located_in,320703
320700,located_in,320706
320700,located_in,320707
320700,located_in,320722
320700,located_in,320723
320700,located_in,320724
321000,located_in,321002
321000,located_in,321003
321000,located_in,321012
321000,located_in,321023
321000,located_in,321081
321000,located_in,321084
320100,located_in,320102
320100,located_in,320104
320100,located_in,320105
320100,located_in,320106
320100,located_in,320111
320100,located_in,320113
320100,located_in,320114
320100,located_in,320115
320100,located_in,320116
320100,located_in,320117
320100,located_in,320118
320800,located_in,320803
320800,located_in,320804
320800,located_in,320812
320800,located_in,320813
320800,located_in,320826
320800,located_in,320830
320800,located_in,320831
320200,located_in,320205
320200,located_in,320206
320200,located_in,320211
320200,located_in,320213
320200,located_in,320214
320200,located_in,320281
320200,located_in,320282
321300,located_in,321302
321300,located_in,321311
321300,located_in,321322
321300,located_in,321323
321300,located_in,321324
321100,located_in,321102
321100,located_in,321111
321100,located_in,321112
321100,located_in,321181
321100,located_in,321182
321100,located_in,321183
320900,located_in,320902
320900,located_in,320903
320900,located_in,320904
320900,located_in,320921
320900,located_in,320922
320900,located_in,320923
320900,located_in,320924
320900,located_in,320925
320900,located_in,320981
320300,located_in,320302
320300,located_in,320303
320300,located_in,320305
320300,located_in,320311
320300,located_in,320312
320300,located_in,320321
320300,located_in,320322
320300,located_in,320324
320300,located_in,320381
320300,located_in,320382
320500,located_in,320505
320500,located_in,320506
320500,located_in,320507
320500,located_in,320508
320500,located_in,320509
320500,located_in,320581
320500,located_in,320582
320500,located_in,320583
320500,located_in,320585
321200,located_in,321202
321200,located_in,321203
321200,located_in,321204
321200,located_in,321281
321200,located_in,321282
321200,located_in,321283
320600,located_in,320602
320600,located_in,320611
320600,located_in,320612
320600,located_in,320621
320600,located_in,320623
320600,located_in,320681
320600,located_in,320682
320600,located_in,320684
140000,located_in,140500
140000,located_in,140900
140000,located_in,140300
140000,located_in,140700
140000,located_in,141100
140000,located_in,140600
140000,located_in,140200
140000,located_in,140800
140000,located_in,141000
140000,located_in,140100
140000,located_in,140400
140500,located_in,140502
140500,located_in,140521
140500,located_in,140522
140500,located_in,140524
140500,located_in,140525
140500,located_in,140581
140900,located_in,140902
140900,located_in,140921
140900,located_in,140922
140900,located_in,140923
140900,located_in,140924
140900,located_in,140925
140900,located_in,140926
140900,located_in,140927
140900,located_in,140928
140900,located_in,140929
140900,located_in,140930
140900,located_in,140931
140900,located_in,140932
140900,located_in,140981
140300,located_in,140302
140300,located_in,140303
140300,located_in,140311
140300,located_in,140321
140300,located_in,140322
140700,located_in,140702
140700,located_in,140721
140700,located_in,140722
140700,located_in,140723
140700,located_in,140724
140700,located_in,140725
140700,located_in,140726
140700,located_in,140727
140700,located_in,140728
140700,located_in,140729
140700,located_in,140781
141100,located_in,141102
141100,located_in,141121
141100,located_in,141122
141100,located_in,141123
141100,located_in,141124
141100,located_in,141125
141100,located_in,141126
141100,located_in,141127
141100,located_in,141128
141100,located_in,141129
141100,located_in,141130
141100,located_in,141181
141100,located_in,141182
140600,located_in,140602
140600,located_in,140603
140600,located_in,140621
140600,located_in,140622
140600,located_in,140623
140600,located_in,140624
140200,located_in,140202
140200,located_in,140203
140200,located_in,140211
140200,located_in,140212
140200,located_in,140221
140200,located_in,140222
140200,located_in,140223
140200,located_in,140224
140200,located_in,140225
140200,located_in,140226
140200,located_in,140227
140800,located_in,140802
140800,located_in,140821
140800,located_in,140822
140800,located_in,140823
140800,located_in,140824
140800,located_in,140825
140800,located_in,140826
140800,located_in,140827
140800,located_in,140828
140800,located_in,140829
140800,located_in,140830
140800,located_in,140881
140800,located_in,140882
141000,located_in,141002
141000,located_in,141021
141000,located_in,141022
141000,located_in,141023
141000,located_in,141024
141000,located_in,141025
141000,located_in,141026
141000,located_in,141027
141000,located_in,141028
141000,located_in,141029
141000,located_in,141030
141000,located_in,141031
141000,located_in,141032
141000,located_in,141033
141000,located_in,141034
141000,located_in,141081
141000,located_in,141082
140100,located_in,140105
140100,located_in,140106
140100,located_in,140107
140100,located_in,140108
140100,located_in,140109
140100,located_in,140110
140100,located_in,140121
140100,located_in,140122
140100,located_in,140123
140100,located_in,140181
140400,located_in,140402
140400,located_in,140411
140400,located_in,140421
140400,located_in,140423
140400,located_in,140424
140400,located_in,140425
140400,located_in,140426
140400,located_in,140427
140400,located_in,140428
140400,located_in,140429
140400,located_in,140430
140400,located_in,140431
140400,located_in,140481
530000,located_in,530400
530000,located_in,530300
530000,located_in,532800
530000,located_in,532600
530000,located_in,533100
530000,located_in,530500
530000,located_in,530600
530000,located_in,533400
530000,located_in,530800
530000,located_in,530100
530000,located_in,532300
530000,located_in,530700
530000,located_in,532500
530000,located_in,530900
530000,located_in,533300
530000,located_in,532900
530400,located_in,530402
530400,located_in,530403
530400,located_in,530422
530400,located_in,530423
530400,located_in,530424
530400,located_in,530425
530400,located_in,530426
530400,located_in,530427
530400,located_in,530428
530300,located_in,530302
530300,located_in,530303
530300,located_in,530321
530300,located_in,530322
530300,located_in,530323
530300,located_in,530324
530300,located_in,530325
530300,located_in,530326
530300,located_in,530381
532800,located_in,532801
532800,located_in,532822
532800,located_in,532823
532600,located_in,532601
532600,located_in,532622
532600,located_in,532623
532600,located_in,532624
532600,located_in,532625
532600,located_in,532626
532600,located_in,532627
532600,located_in,532628
533100,located_in,533102
533100,located_in,533103
533100,located_in,533122
533100,located_in,533123
533100,located_in,533124
530500,located_in,530502
530500,located_in,530521
530500,located_in,530523
530500,located_in,530524
530500,located_in,530581
530600,located_in,530602
530600,located_in,530621
530600,located_in,530622
530600,located_in,530623
530600,located_in,530624
530600,located_in,530625
530600,located_in,530626
530600,located_in,530627
530600,located_in,530628
530600,located_in,530629
530600,located_in,530630
533400,located_in,533401
533400,located_in,533422
533400,located_in,533423
530800,located_in,530802
530800,located_in,530821
530800,located_in,530822
530800,located_in,530823
530800,located_in,530824
530800,located_in,530825
530800,located_in,530826
530800,located_in,530827
530800,located_in,530828
530800,located_in,530829
530100,located_in,530102
530100,located_in,530103
530100,located_in,530111
530100,located_in,530112
530100,located_in,530113
530100,located_in,530114
530100,located_in,530115
530100,located_in,530124
530100,located_in,530125
530100,located_in,530126
530100,located_in,530127
530100,located_in,530128
530100,located_in,530129
530100,located_in,530181
532300,located_in,532301
532300,located_in,532322
532300,located_in,532323
532300,located_in,532324
532300,located_in,532325
532300,located_in,532326
532300,located_in,532327
532300,located_in,532328
532300,located_in,532329
532300,located_in,532331
530700,located_in,530702
530700,located_in,530721
530700,located_in,530722
530700,located_in,530723
530700,located_in,530724
532500,located_in,532501
532500,located_in,532502
532500,located_in,532503
532500,located_in,532504
532500,located_in,532523
532500,located_in,532524
532500,located_in,532525
532500,located_in,532527
532500,located_in,532528
532500,located_in,532529
532500,located_in,532530
532500,located_in,532531
532500,located_in,532532
530900,located_in,530902
530900,located_in,530921
530900,located_in,530922
530900,located_in,530923
530900,located_in,530924
530900,located_in,530925
530900,located_in,530926
530900,located_in,530927
533300,located_in,533301
533300,located_in,533323
533300,located_in,533324
533300,located_in,533325
532900,located_in,532901
532900,located_in,532922
532900,located_in,532923
532900,located_in,532924
532900,located_in,532925
532900,located_in,532926
532900,located_in,532927
532900,located_in,532928
532900,located_in,532929
532900,located_in,532930
532900,located_in,532931
532900,located_in,532932
610000,located_in,610700
610000,located_in,610500
610000,located_in,610400
610000,located_in,610900
610000,located_in,610300
610000,located_in,610600
610000,located_in,610100
610000,located_in,610800
610000,located_in,610200
610000,located_in,611000
610700,located_in,610702
610700,located_in,610721
610700,located_in,610722
610700,located_in,610723
610700,located_in,610724
610700,located_in,610725
610700,located_in,610726
610700,located_in,610727
610700,located_in,610728
610700,located_in,610729
610700,located_in,610730
610500,located_in,610502
610500,located_in,610503
610500,located_in,610522
610500,located_in,610523
610500,located_in,610524
610500,located_in,610525
610500,located_in,610526
610500,located_in,610527
610500,located_in,610528
610500,located_in,610581
610500,located_in,610582
610400,located_in,610402
610400,located_in,610403
610400,located_in,610404
610400,located_in,610422
610400,located_in,610423
610400,located_in,610424
610400,located_in,610425
610400,located_in,610426
610400,located_in,610427
610400,located_in,610428
610400,located_in,610429
610400,located_in,610430
610400,located_in,610431
610400,located_in,610481
610900,located_in,610902
610900,located_in,610921
610900,located_in,610922
610900,located_in,610923
610900,located_in,610924
610900,located_in,610925
610900,located_in,610926
610900,located_in,610927
610900,located_in,610928
610900,located_in,610929
610300,located_in,610302
610300,located_in,610303
610300,located_in,610304
610300,located_in,610322
610300,located_in,610323
610300,located_in,610324
610300,located_in,610326
610300,located_in,610327
610300,located_in,610328
610300,located_in,610329
610300,located_in,610330
610300,located_in,610331
610600,located_in,610602
610600,located_in,610603
610600,located_in,610621
610600,located_in,610622
610600,located_in,610623
610600,located_in,610625
610600,located_in,610626
610600,located_in,610627
610600,located_in,610628
610600,located_in,610629
610600,located_in,610630
610600,located_in,610631
610600,located_in,610632
610100,located_in,610102
610100,located_in,610103
610100,located_in,610104
610100,located_in,610111
610100,located_in,610112
610100,located_in,610113
610100,located_in,610114
610100,located_in,610115
610100,located_in,610116
610100,located_in,610117
610100,located_in,610118
610100,located_in,610122
610100,located_in,610124
610800,located_in,610802
610800,located_in,610803
610800,located_in,610821
610800,located_in,610822
610800,located_in,610824
610800,located_in,610825
610800,located_in,610826
610800,located_in,610827
610800,located_in,610828
610800,located_in,610829
610800,located_in,610830
610800,located_in,610831
610200,located_in,610202
610200,located_in,610203
610200,located_in,610204
610200,located_in,610222
611000,located_in,611002
611000,located_in,611021
611000,located_in,611022
611000,located_in,611023
611000,located_in,611024
611000,located_in,611025
611000,located_in,611026
310000,located_in,310117
310000,located_in,310116
310000,located_in,310101
310000,located_in,310105
310000,located_in,310151
310000,located_in,310118
310000,located_in,310112
310000,located_in,310106
310000,located_in,310109
310000,located_in,310120
310000,located_in,310113
310000,located_in,310115
310000,located_in,310104
310000,located_in,310114
310000,located_in,310110
310000,located_in,310107
450000,located_in,450800
450000,located_in,450700
450000,located_in,451200
450000,located_in,450400
450000,located_in,451300
450000,located_in,451100
450000,located_in,450200
450000,located_in,450500
450000,located_in,451400
450000,located_in,450900
450000,located_in,450100
450000,located_in,451000
450000,located_in,450300
450000,located_in,450600
450800,located_in,450802
450800,located_in,450803
450800,located_in,450804
450800,located_in,450821
450800,located_in,450881
450700,located_in,450702
450700,located_in,450703
450700,located_in,450721
450700,located_in,450722
451200,located_in,451202
451200,located_in,451203
451200,located_in,451221
451200,located_in,451222
451200,located_in,451223
451200,located_in,451224
451200,located_in,451225
451200,located_in,451226
451200,located_in,451227
451200,located_in,451228
451200,located_in,451229
450400,located_in,450403
450400,located_in,450405
450400,located_in,450406
450400,located_in,450421
450400,located_in,450422
450400,located_in,450423
450400,located_in,450481
451300,located_in,451302
451300,located_in,451321
451300,located_in,451322
451300,located_in,451323
451300,located_in,451324
451300,located_in,451381
451100,located_in,451102
451100,located_in,451103
451100,located_in,451121
451100,located_in,451122
451100,located_in,451123
450200,located_in,450202
450200,located_in,450203
450200,located_in,450204
450200,located_in,450205
450200,located_in,450206
450200,located_in,450222
450200,located_in,450223
450200,located_in,450224
450200,located_in,450225
450200,located_in,450226
450500,located_in,450502
450500,located_in,450503
450500,located_in,450512
450500,located_in,450521
451400,located_in,451402
451400,located_in,451421
451400,located_in,451422
451400,located_in,451423
451400,located_in,451424
451400,located_in,451425
451400,located_in,451481
450900,located_in,450902
450900,located_in,450903
450900,located_in,450921
450900,located_in,450922
450900,located_in,450923
450900,located_in,450924
450900,located_in,450981
450100,located_in,450102
450100,located_in,450103
450100,located_in,450105
450100,located_in,450107
450100,located_in,450108
450100,located_in,450109
450100,located_in,450110
450100,located_in,450123
450100,located_in,450124
450100,located_in,450125
450100,located_in,450126
450100,located_in,450127
451000,located_in,451002
451000,located_in,451021
451000,located_in,451022
451000,located_in,451023
451000,located_in,451024
451000,located_in,451026
451000,located_in,451027
451000,located_in,451028
451000,located_in,451029
451000,located_in,451030
451000,located_in,451031
451000,located_in,451081
450300,located_in,450302
450300,located_in,450303
450300,located_in,450304
450300,located_in,450305
450300,located_in,450311
450300,located_in,450312
450300,located_in,450321
450300,located_in,450323
450300,located_in,450324
450300,located_in,450325
450300,located_in,450326
450300,located_in,450327
450300,located_in,450328
450300,located_in,450329
450300,located_in,450330
450300,located_in,450331
450300,located_in,450332
450600,located_in,450602
450600,located_in,450603
450600,located_in,450621
450600,located_in,450681
500000,located_in,500153
500000,located_in,500156
500000,located_in,500118
500000,located_in,500102
500000,located_in,500112
500000,located_in,500154
500000,located_in,500230
500000,located_in,500237
500000,located_in,500242
500000,located_in,500111
500000,located_in,500109
500000,located_in,500233
500000,located_in,500235
500000,located_in,500120
500000,located_in,500107
500000,located_in,500152
500000,located_in,500104
500000,located_in,500114
500000,located_in,500243
500000,located_in,500101
500000,located_in,500108
500000,located_in,500236
500000,located_in,500106
500000,located_in,500116
500000,located_in,500105
500000,located_in,500110
500000,located_in,500241
500000,located_in,500238
500000,located_in,500115
500000,located_in,500229
500000,located_in,500117
500000,located_in,500231
500000,located_in,500155
500000,located_in,500103
500000,located_in,500240
500000,located_in,500113
500000,located_in,500119
500000,located_in,500151
340000,located_in,341500
340000,located_in,340400
340000,located_in,340700
340000,located_in,341800
340000,located_in,341200
340000,located_in,341300
340000,located_in,341100
340000,located_in,341000
340000,located_in,340300
340000,located_in,340600
340000,located_in,340800
340000,located_in,341600
340000,located_in,340500
340000,located_in,340200
340000,located_in,341700
340000,located_in,340100
341500,located_in,341502
341500,located_in,341503
341500,located_in,341504
341500,located_in,341522
341500,located_in,341523
341500,located_in,341524
341500,located_in,341525
340400,located_in,340402
340400,located_in,340403
340400,located_in,340404
340400,located_in,340405
340400,located_in,340406
340400,located_in,340421
340400,located_in,340422
340700,located_in,340705
340700,located_in,340706
340700,located_in,340711
340700,located_in,340722
341800,located_in,341802
341800,located_in,341821
341800,located_in,341822
341800,located_in,341823
341800,located_in,341824
341800,located_in,341825
341800,located_in,341881
341200,located_in,341202
341200,located_in,341203
341200,located_in,341204
341200,located_in,341221
341200,located_in,341222
341200,located_in,341225
341200,located_in,341226
341200,located_in,341282
341300,located_in,341302
341300,located_in,341321
341300,located_in,341322
341300,located_in,341323
341300,located_in,341324
341100,located_in,341102
341100,located_in,341103
341100,located_in,341122
341100,located_in,341124
341100,located_in,341125
341100,located_in,341126
341100,located_in,341181
341100,located_in,341182
341000,located_in,341002
341000,located_in,341003
341000,located_in,341004
341000,located_in,341021
341000,located_in,341022
341000,located_in,341023
341000,located_in,341024
340300,located_in,340302
340300,located_in,340303
340300,located_in,340304
340300,located_in,340311
340300,located_in,340321
340300,located_in,340322
340300,located_in,340323
340600,located_in,340602
340600,located_in,340603
340600,located_in,340604
340600,located_in,340621
340800,located_in,340802
340800,located_in,340803
340800,located_in,340811
340800,located_in,340822
340800,located_in,340824
340800,located_in,340825
340800,located_in,340826
340800,located_in,340827
340800,located_in,340828
340800,located_in,340881
341600,located_in,341602
341600,located_in,341621
341600,located_in,341622
341600,located_in,341623
340500,located_in,340503
340500,located_in,340504
340500,located_in,340506
340500,located_in,340521
340500,located_in,340522
340500,located_in,340523
340200,located_in,340202
340200,located_in,340203
340200,located_in,340207
340200,located_in,340208
340200,located_in,340221
340200,located_in,340222
340200,located_in,340223
340200,located_in,340225
341700,located_in,341702
341700,located_in,341721
341700,located_in,341722
341700,located_in,341723
340100,located_in,340102
340100,located_in,340103
340100,located_in,340104
340100,located_in,340111
340100,located_in,340121
340100,located_in,340122
340100,located_in,340123
340100,located_in,340124
340100,located_in,340181
230000,located_in,230500
230000,located_in,230900
230000,located_in,230600
230000,located_in,230200
230000,located_in,232700
230000,located_in,230300
230000,located_in,231200
230000,located_in,231100
230000,located_in,230800
230000,located_in,230700
230000,located_in,230100
230000,located_in,230400
230000,located_in,231000
230500,located_in,230502
230500,located_in,230503
230500,located_in,230505
230500,located_in,230506
230500,located_in,230521
230500,located_in,230522
230500,located_in,230523
230500,located_in,230524
230900,located_in,230902
230900,located_in,230903
230900,located_in,230904
230900,located_in,230921
230600,located_in,230602
230600,located_in,230603
230600,located_in,230604
230600,located_in,230605
230600,located_in,230606
230600,located_in,230621
230600,located_in,230622
230600,located_in,230623
230600,located_in,230624
230200,located_in,230202
230200,located_in,230203
230200,located_in,230204
230200,located_in,230205
230200,located_in,230206
230200,located_in,230207
230200,located_in,230208
230200,located_in,230221
230200,located_in,230223
230200,located_in,230224
230200,located_in,230225
230200,located_in,230227
230200,located_in,230229
230200,located_in,230230
230200,located_in,230231
230200,located_in,230281
232700,located_in,232721
232700,located_in,232722
232700,located_in,232723
230300,located_in,230302
230300,located_in,230303
230300,located_in,230304
230300,located_in,230305
230300,located_in,230306
230300,located_in,230307
230300,located_in,230321
230300,located_in,230381
230300,located_in,230382
231200,located_in,231202
231200,located_in,231221
231200,located_in,231222
231200,located_in,231223
231200,located_in,231224
231200,located_in,231225
231200,located_in,231226
231200,located_in,231281
231200,located_in,231282
231200,located_in,231283
231100,located_in,231102
231100,located_in,231121
231100,located_in,231123
231100,located_in,231124
231100,located_in,231181
231100,located_in,231182
230800,located_in,230803
230800,located_in,230804
230800,located_in,230805
230800,located_in,230811
230800,located_in,230822
230800,located_in,230826
230800,located_in,230828
230800,located_in,230881
230800,located_in,230882
230800,located_in,230883
230700,located_in,230702
230700,located_in,230703
230700,located_in,230704
230700,located_in,230705
230700,located_in,230706
230700,located_in,230707
230700,located_in,230708
230700,located_in,230709
230700,located_in,230710
230700,located_in,230711
230700,located_in,230712
230700,located_in,230713
230700,located_in,230714
230700,located_in,230715
230700,located_in,230716
230700,located_in,230722
230700,located_in,230781
230100,located_in,230102
230100,located_in,230103
230100,located_in,230104
230100,located_in,230108
230100,located_in,230109
230100,located_in,230110
230100,located_in,230111
230100,located_in,230112
230100,located_in,230113
230100,located_in,230123
230100,located_in,230124
230100,located_in,230125
230100,located_in,230126
230100,located_in,230127
230100,located_in,230128
230100,located_in,230129
230100,located_in,230183
230100,located_in,230184
230400,located_in,230402
230400,located_in,230403
230400,located_in,230404
230400,located_in,230405
230400,located_in,230406
230400,located_in,230407
230400,located_in,230421
230400,located_in,230422
231000,located_in,231002
231000,located_in,231003
231000,located_in,231004
231000,located_in,231005
231000,located_in,231025
231000,located_in,231081
231000,located_in,231083
231000,located_in,231084
231000,located_in,231085
231000,located_in,231086
360000,located_in,360700
360000,located_in,361100
360000,located_in,360600
360000,located_in,360200
360000,located_in,360900
360000,located_in,360300
360000,located_in,361000
360000,located_in,360500
360000,located_in,360400
360000,located_in,360800
360000,located_in,360100
360700,located_in,360702
360700,located_in,360703
360700,located_in,360704
360700,located_in,360722
360700,located_in,360723
360700,located_in,360724
360700,located_in,360725
360700,located_in,360726
360700,located_in,360727
360700,located_in,360728
360700,located_in,360729
360700,located_in,360730
360700,located_in,360731
360700,located_in,360732
360700,located_in,360733
360700,located_in,360734
360700,located_in,360735
360700,located_in,360781
361100,located_in,361102
361100,located_in,361103
361100,located_in,361121
361100,located_in,361123
361100,located_in,361124
361100,located_in,361125
361100,located_in,361126
361100,located_in,361127
361100,located_in,361128
361100,located_in,361129
361100,located_in,361130
361100,located_in,361181
360600,located_in,360602
360600,located_in,360622
360600,located_in,360681
360200,located_in,360202
360200,located_in,360203
360200,located_in,360222
360200,located_in,360281
360900,located_in,360902
360900,located_in,360921
360900,located_in,360922
360900,located_in,360923
360900,located_in,360924
360900,located_in,360925
360900,located_in,360926
360900,located_in,360981
360900,located_in,360982
360900,located_in,360983
360300,located_in,360302
360300,located_in,360313
360300,located_in,360321
360300,located_in,360322
360300,located_in,360323
361000,located_in,361002
361000,located_in,361003
361000,located_in,361021
361000,located_in,361022
361000,located_in,361023
361000,located_in,361024
361000,located_in,361025
361000,located_in,361026
361000,located_in,361027
361000,located_in,361028
361000,located_in,361030
360500,located_in,360502
360500,located_in,360521
360400,located_in,360402
360400,located_in,360403
360400,located_in,360421
360400,located_in,360423
360400,located_in,360424
360400,located_in,360425
360400,located_in,360426
360400,located_in,360428
360400,located_in,360429
360400,located_in,360430
360400,located_in,360481
360400,located_in,360482
360400,located_in,360483
360800,located_in,360802
360800,located_in,360803
360800,located_in,360821
360800,located_in,360822
360800,located_in,360823
360800,located_in,360824
360800,located_in,360825
360800,located_in,360826
360800,located_in,360827
360800,located_in,360828
360800,located_in,360829
360800,located_in,360830
360800,located_in,360881
360100,located_in,360102
360100,located_in,360103
360100,located_in,360104
360100,located_in,360105
360100,located_in,360111
360100,located_in,360112
360100,located_in,360121
360100,located_in,360123
360100,located_in,360124
330000,located_in,330700
330000,located_in,330500
330000,located_in,331000
330000,located_in,330300
330000,located_in,330100
330000,located_in,331100
330000,located_in,330900
330000,located_in,330600
330000,located_in,330200
330000,located_in,330400
330000,located_in,330800
330700,located_in,330702
330700,located_in,330703
330700,located_in,330723
330700,located_in,330726
330700,located_in,330727
330700,located_in,330781
330700,located_in,330782
330700,located_in,330783
330700,located_in,330784
330500,located_in,330502
330500,located_in,330503
330500,located_in,330521
330500,located_in,330522
330500,located_in,330523
331000,located_in,331002
331000,located_in,331003
331000,located_in,331004
331000,located_in,331021
331000,located_in,331022
331000,located_in,331023
331000,located_in,331024
331000,located_in,331081
331000,located_in,331082
330300,located_in,330302
330300,located_in,330303
330300,located_in,330304
330300,located_in,330305
330300,located_in,330324
330300,located_in,330326
330300,located_in,330327
330300,located_in,330328
330300,located_in,330329
330300,located_in,330381
330300,located_in,330382
330100,located_in,330102
330100,located_in,330103
330100,located_in,330104
330100,located_in,330105
330100,located_in,330106
330100,located_in,330108
330100,located_in,330109
330100,located_in,330110
330100,located_in,330111
330100,located_in,330122
330100,located_in,330127
330100,located_in,330182
330100,located_in,330185
331100,located_in,331102
331100,located_in,331121
331100,located_in,331122
331100,located_in,331123
331100,located_in,331124
331100,located_in,331125
331100,located_in,331126
331100,located_in,331127
331100,located_in,331181
330900,located_in,330902
330900,located_in,330903
330900,located_in,330921
330900,located_in,330922
330600,located_in,330602
330600,located_in,330603
330600,located_in,330604
330600,located_in,330624
330600,located_in,330681
330600,located_in,330683
330200,located_in,330203
330200,located_in,330205
330200,located_in,330206
330200,located_in,330211
330200,located_in,330212
330200,located_in,330213
330200,located_in,330225
330200,located_in,330226
330200,located_in,330281
330200,located_in,330282
330400,located_in,330402
330400,located_in,330411
330400,located_in,330421
330400,located_in,330424
330400,located_in,330481
330400,located_in,330482
330400,located_in,330483
330800,located_in,330802
330800,located_in,330803
330800,located_in,330822
330800,located_in,330824
330800,located_in,330825
330800,located_in,330881
120000,located_in,120113
120000,located_in,120115
120000,located_in,120106
120000,located_in,120117
120000,located_in,120110
120000,located_in,120112
120000,located_in,120114
120000,located_in,120101
120000,located_in,120116
120000,located_in,120111
120000,located_in,120104
120000,located_in,120118
120000,located_in,120102
120000,located_in,120119
120000,located_in,120103
120000,located_in,120105
540000,located_in,542400
540000,located_in,540400
540000,located_in,540500
540000,located_in,540200
540000,located_in,540300
540000,located_in,540100
540000,located_in,542500
542400,located_in,542421
542400,located_in,542422
542400,located_in,542423
542400,located_in,542424
542400,located_in,542425
542400,located_in,542426
542400,located_in,542427
542400,located_in,542428
542400,located_in,542429
542400,located_in,542430
542400,located_in,542431
540400,located_in,540402
540400,located_in,540421
540400,located_in,540422
540400,located_in,540423
540400,located_in,540424
540400,located_in,540425
540400,located_in,540426
540500,located_in,540502
540500,located_in,540521
540500,located_in,540522
540500,located_in,540523
540500,located_in,540524
540500,located_in,540525
540500,located_in,540526
540500,located_in,540527
540500,located_in,540528
540500,located_in,540529
540500,located_in,540530
540500,located_in,540531
540200,located_in,540202
540200,located_in,540221
540200,located_in,540222
540200,located_in,540223
540200,located_in,540224
540200,located_in,540225
540200,located_in,540226
540200,located_in,540227
540200,located_in,540228
540200,located_in,540229
540200,located_in,540230
540200,located_in,540231
540200,located_in,540232
540200,located_in,540233
540200,located_in,540234
540200,located_in,540235
540200,located_in,540236
540200,located_in,540237
540300,located_in,540302
540300,located_in,540321
540300,located_in,540322
540300,located_in,540323
540300,located_in,540324
540300,located_in,540325
540300,located_in,540326
540300,located_in,540327
540300,located_in,540328
540300,located_in,540329
540300,located_in,540330
540100,located_in,540102
540100,located_in,540103
540100,located_in,540121
540100,located_in,540122
540100,located_in,540123
540100,located_in,540124
540100,located_in,540126
540100,located_in,540127
542500,located_in,542521
542500,located_in,542522
542500,located_in,542523
542500,located_in,542524
542500,located_in,542525
542500,located_in,542526
542500,located_in,542527
630000,located_in,632600
630000,located_in,632500
630000,located_in,632700
630000,located_in,630100
630000,located_in,632300
630000,located_in,632200
630000,located_in,630200
630000,located_in,632800
632600,located_in,632621
632600,located_in,632622
632600,located_in,632623
632600,located_in,632624
632600,located_in,632625
632600,located_in,632626
632500,located_in,632521
632500,located_in,632522
632500,located_in,632523
632500,located_in,632524
632500,located_in,632525
632700,located_in,632701
632700,located_in,632722
632700,located_in,632723
632700,located_in,632724
632700,located_in,632725
632700,located_in,632726
630100,located_in,630102
630100,located_in,630103
630100,located_in,630104
630100,located_in,630105
630100,located_in,630121
630100,located_in,630122
630100,located_in,630123
632300,located_in,632321
632300,located_in,632322
632300,located_in,632323
632300,located_in,632324
632200,located_in,632221
632200,located_in,632222
632200,located_in,632223
632200,located_in,632224
630200,located_in,630202
630200,located_in,630203
630200,located_in,630222
630200,located_in,630223
630200,located_in,630224
630200,located_in,630225
632800,located_in,632801
632800,located_in,632802
632800,located_in,632821
632800,located_in,632822
632800,located_in,632823
420000,located_in,420500
420000,located_in,420800
420000,located_in,420100
420000,located_in,420900
420000,located_in,420200
420000,located_in,420300
420000,located_in,421000
420000,located_in,422800
420000,located_in,420600
420000,located_in,421300
420000,located_in,421100
420000,located_in,421200
420000,located_in,420700
420500,located_in,420502
420500,located_in,420503
420500,located_in,420504
420500,located_in,420505
420500,located_in,420506
420500,located_in,420525
420500,located_in,420526
420500,located_in,420527
420500,located_in,420528
420500,located_in,420529
420500,located_in,420581
420500,located_in,420582
420500,located_in,420583
420800,located_in,420802
420800,located_in,420804
420800,located_in,420821
420800,located_in,420822
420800,located_in,420881
420100,located_in,420102
420100,located_in,420103
420100,located_in,420104
420100,located_in,420105
420100,located_in,420106
420100,located_in,420107
420100,located_in,420111
420100,located_in,420112
420100,located_in,420113
420100,located_in,420114
420100,located_in,420115
420100,located_in,420116
420100,located_in,420117
420900,located_in,420902
420900,located_in,420921
420900,located_in,420922
420900,located_in,420923
420900,located_in,420981
420900,located_in,420982
420900,located_in,420984
420200,located_in,420202
420200,located_in,420203
420200,located_in,420204
420200,located_in,420205
420200,located_in,420222
420200,located_in,420281
420300,located_in,420302
420300,located_in,420303
420300,located_in,420304
420300,located_in,420322
420300,located_in,420323
420300,located_in,420324
420300,located_in,420325
420300,located_in,420381
421000,located_in,421002
421000,located_in,421003
421000,located_in,421022
421000,located_in,421023
421000,located_in,421024
421000,located_in,421081
421000,located_in,421083
421000,located_in,421087
422800,located_in,422801
422800,located_in,422802
422800,located_in,422822
422800,located_in,422823
422800,located_in,422825
422800,located_in,422826
422800,located_in,422827
422800,located_in,422828
422800,located_in,429004
422800,located_in,429005
422800,located_in,429006
422800,located_in,429021
420600,located_in,420602
420600,located_in,420606
420600,located_in,420607
420600,located_in,420624
420600,located_in,420625
420600,located_in,420626
420600,located_in,420682
420600,located_in,420683
420600,located_in,420684
421300,located_in,421303
421300,located_in,421321
421300,located_in,421381
421100,located_in,421102
421100,located_in,421121
421100,located_in,421122
421100,located_in,421123
421100,located_in,421124
421100,located_in,421125
421100,located_in,421126
421100,located_in,421127
421100,located_in,421181
421100,located_in,421182
421200,located_in,421202
421200,located_in,421221
421200,located_in,421222
421200,located_in,421223
421200,located_in,421224
421200,located_in,421281
420700,located_in,420702
420700,located_in,420703
420700,located_in,420704
620000,located_in,620600
620000,located_in,622900
620000,located_in,621100
620000,located_in,620900
620000,located_in,623000
620000,located_in,620400
620000,located_in,621000
620000,located_in,620500
620000,located_in,620700
620000,located_in,620100
620000,located_in,620300
620000,located_in,621200
620000,located_in,620800
620000,located_in,620200
620600,located_in,620602
620600,located_in,620621
620600,located_in,620622
620600,located_in,620623
622900,located_in,622901
622900,located_in,622921
622900,located_in,622922
622900,located_in,622923
622900,located_in,622924
622900,located_in,622925
622900,located_in,622926
622900,located_in,622927
621100,located_in,621102
621100,located_in,621121
621100,located_in,621122
621100,located_in,621123
621100,located_in,621124
621100,located_in,621125
621100,located_in,621126
620900,located_in,620902
620900,located_in,620921
620900,located_in,620922
620900,located_in,620923
620900,located_in,620924
620900,located_in,620981
620900,located_in,620982
623000,located_in,623001
623000,located_in,623021
623000,located_in,623022
623000,located_in,623023
623000,located_in,623024
623000,located_in,623025
623000,located_in,623026
623000,located_in,623027
620400,located_in,620402
620400,located_in,620403
620400,located_in,620421
620400,located_in,620422
620400,located_in,620423
621000,located_in,621002
621000,located_in,621021
621000,located_in,621022
621000,located_in,621023
621000,located_in,621024
621000,located_in,621025
621000,located_in,621026
621000,located_in,621027
620500,located_in,620502
620500,located_in,620503
620500,located_in,620521
620500,located_in,620522
620500,located_in,620523
620500,located_in,620524
620500,located_in,620525
620700,located_in,620702
620700,located_in,620721
620700,located_in,620722
620700,located_in,620723
620700,located_in,620724
620700,located_in,620725
620100,located_in,620102
620100,located_in,620103
620100,located_in,620104
620100,located_in,620105
620100,located_in,620111
620100,located_in,620121
620100,located_in,620122
620100,located_in,620123
620300,located_in,620302
620300,located_in,620321
621200,located_in,621202
621200,located_in,621221
621200,located_in,621222
621200,located_in,621223
621200,located_in,621224
621200,located_in,621225
621200,located_in,621226
621200,located_in,621227
621200,located_in,621228
620800,located_in,620802
620800,located_in,620821
620800,located_in,620822
620800,located_in,620823
620800,located_in,620824
620800,located_in,620825
620800,located_in,620826
640000,located_in,640400
640000,located_in,640500
640000,located_in,640300
640000,located_in,640200
640000,located_in,640100
640400,located_in,640402
640400,located_in,640422
640400,located_in,640423
640400,located_in,640424
640400,located_in,640425
640500,located_in,640502
640500,located_in,640521
640500,located_in,640522
640300,located_in,640302
640300,located_in,640303
640300,located_in,640323
640300,located_in,640324
640300,located_in,640381
640200,located_in,640202
640200,located_in,640205
640200,located_in,640221
640100,located_in,640104
640100,located_in,640105
640100,located_in,640106
640100,located_in,640121
640100,located_in,640122
640100,located_in,640181
510000,located_in,510800
510000,located_in,513400
510000,located_in,510700
510000,located_in,512000
510000,located_in,510400
510000,located_in,510600
510000,located_in,511400
510000,located_in,513300
510000,located_in,510100
510000,located_in,511100
510000,located_in,513200
510000,located_in,511300
510000,located_in,510300
510000,located_in,511900
510000,located_in,511700
510000,located_in,511500
510000,located_in,510500
510000,located_in,510900
510000,located_in,511800
510000,located_in,511000
510000,located_in,511600
510800,located_in,510802
510800,located_in,510811
510800,located_in,510812
510800,located_in,510821
510800,located_in,510822
510800,located_in,510823
510800,located_in,510824
513400,located_in,513401
513400,located_in,513422
513400,located_in,513423
513400,located_in,513424
513400,located_in,513425
513400,located_in,513426
513400,located_in,513427
513400,located_in,513428
513400,located_in,513429
513400,located_in,513430
513400,located_in,513431
513400,located_in,513432
513400,located_in,513433
513400,located_in,513434
513400,located_in,513435
513400,located_in,513436
513400,located_in,513437
510700,located_in,510703
510700,located_in,510704
510700,located_in,510705
510700,located_in,510722
510700,located_in,510723
510700,located_in,510725
510700,located_in,510726
510700,located_in,510727
510700,located_in,510781
512000,located_in,512002
512000,located_in,512021
512000,located_in,512022
510400,located_in,510402
510400,located_in,510403
510400,located_in,510411
510400,located_in,510421
510400,located_in,510422
510600,located_in,510603
510600,located_in,510623
510600,located_in,510626
510600,located_in,510681
510600,located_in,510682
510600,located_in,510683
511400,located_in,511402
511400,located_in,511403
511400,located_in,511421
511400,located_in,511423
511400,located_in,511424
511400,located_in,511425
513300,located_in,513301
513300,located_in,513322
513300,located_in,513323
513300,located_in,513324
513300,located_in,513325
513300,located_in,513326
513300,located_in,513327
513300,located_in,513328
513300,located_in,513329
513300,located_in,513330
513300,located_in,513331
513300,located_in,513332
513300,located_in,513333
513300,located_in,513334
513300,located_in,513335
513300,located_in,513336
513300,located_in,513337
513300,located_in,513338
510100,located_in,510104
510100,located_in,510105
510100,located_in,510106
510100,located_in,510107
510100,located_in,510108
510100,located_in,510112
510100,located_in,510113
510100,located_in,510114
510100,located_in,510115
510100,located_in,510116
510100,located_in,510117
510100,located_in,510121
510100,located_in,510129
510100,located_in,510131
510100,located_in,510132
510100,located_in,510181
510100,located_in,510182
510100,located_in,510183
510100,located_in,510184
510100,located_in,510185
511100,located_in,511102
511100,located_in,511111
511100,located_in,511112
511100,located_in,511113
511100,located_in,511123
511100,located_in,511124
511100,located_in,511126
511100,located_in,511129
511100,located_in,511132
511100,located_in,511133
511100,located_in,511181
513200,located_in,513201
513200,located_in,513221
513200,located_in,513222
513200,located_in,513223
513200,located_in,513224
513200,located_in,513225
513200,located_in,513226
513200,located_in,513227
513200,located_in,513228
513200,located_in,513230
513200,located_in,513231
513200,located_in,513232
513200,located_in,513233
511300,located_in,511302
511300,located_in,511303
511300,located_in,511304
511300,located_in,511321
511300,located_in,511322
511300,located_in,511323
511300,located_in,511324
511300,located_in,511325
511300,located_in,511381
510300,located_in,510302
510300,located_in,510303
510300,located_in,510304
510300,located_in,510311
510300,located_in,510321
510300,located_in,510322
511900,located_in,511902
511900,located_in,511903
511900,located_in,511921
511900,located_in,511922
511900,located_in,511923
511700,located_in,511702
511700,located_in,511703
511700,located_in,511722
511700,located_in,511723
511700,located_in,511724
511700,located_in,511725
511700,located_in,511781
511500,located_in,511502
511500,located_in,511503
511500,located_in,511521
511500,located_in,511523
511500,located_in,511524
511500,located_in,511525
511500,located_in,511526
511500,located_in,511527
511500,located_in,511528
511500,located_in,511529
510500,located_in,510502
510500,located_in,510503
510500,located_in,510504
510500,located_in,510521
510500,located_in,510522
510500,located_in,510524
510500,located_in,510525
510900,located_in,510903
510900,located_in,510904
510900,located_in,510921
510900,located_in,510922
510900,located_in,510923
511800,located_in,511802
511800,located_in,511803
511800,located_in,511822
511800,located_in,511823
511800,located_in,511824
511800,located_in,511825
511800,located_in,511826
511800,located_in,511827
511000,located_in,511002
511000,located_in,511011
511000,located_in,511024
511000,located_in,511025
511000,located_in,511028
511600,located_in,511602
511600,located_in,511603
511600,located_in,511621
511600,located_in,511622
511600,located_in,511623
511600,located_in,511681
210000,located_in,211100
210000,located_in,210600
210000,located_in,210800
210000,located_in,210100
210000,located_in,210700
210000,located_in,210200
210000,located_in,211300
210000,located_in,210900
210000,located_in,210400
210000,located_in,210500
210000,located_in,211000
210000,located_in,211200
210000,located_in,210300
210000,located_in,211400
211100,located_in,211102
211100,located_in,211103
211100,located_in,211104
211100,located_in,211122
210600,located_in,210602
210600,located_in,210603
210600,located_in,210604
210600,located_in,210624
210600,located_in,210681
210600,located_in,210682
210800,located_in,210802
210800,located_in,210803
210800,located_in,210804
210800,located_in,210811
210800,located_in,210881
210800,located_in,210882
210100,located_in,210102
210100,located_in,210103
210100,located_in,210104
210100,located_in,210105
210100,located_in,210106
210100,located_in,210111
210100,located_in,210112
210100,located_in,210113
210100,located_in,210114
210100,located_in,210115
210100,located_in,210123
210100,located_in,210124
210100,located_in,210181
210700,located_in,210702
210700,located_in,210703
210700,located_in,210711
210700,located_in,210726
210700,located_in,210727
210700,located_in,210781
210700,located_in,210782
210200,located_in,210202
210200,located_in,210203
210200,located_in,210204
210200,located_in,210211
210200,located_in,210212
210200,located_in,210213
210200,located_in,210214
210200,located_in,210224
210200,located_in,210281
210200,located_in,210283
211300,located_in,211302
211300,located_in,211303
211300,located_in,211321
211300,located_in,211322
211300,located_in,211324
211300,located_in,211381
211300,located_in,211382
210900,located_in,210902
210900,located_in,210903
210900,located_in,210904
210900,located_in,210905
210900,located_in,210911
210900,located_in,210921
210900,located_in,210922
210400,located_in,210402
210400,located_in,210403
210400,located_in,210404
210400,located_in,210411
210400,located_in,210421
210400,located_in,210422
210400,located_in,210423
210500,located_in,210502
210500,located_in,210503
210500,located_in,210504
210500,located_in,210505
210500,located_in,210521
210500,located_in,210522
211000,located_in,211002
211000,located_in,211003
211000,located_in,211004
211000,located_in,211005
211000,located_in,211011
211000,located_in,211021
211000,located_in,211081
211200,located_in,211202
211200,located_in,211204
211200,located_in,211221
211200,located_in,211223
211200,located_in,211224
211200,located_in,211281
211200,located_in,211282
210300,located_in,210302
210300,located_in,210303
210300,located_in,210304
210300,located_in,210311
210300,located_in,210321
210300,located_in,210323
210300,located_in,210381
211400,located_in,211402
211400,located_in,211403
211400,located_in,211404
211400,located_in,211421
211400,located_in,211422
211400,located_in,211481
430000,located_in,430900
430000,located_in,431200
430000,located_in,430400
430000,located_in,431300
430000,located_in,430100
430000,located_in,430700
430000,located_in,430600
430000,located_in,431100
430000,located_in,431000
430000,located_in,430200
430000,located_in,433100
430000,located_in,430800
430000,located_in,430500
430000,located_in,430300
430900,located_in,430902
430900,located_in,430903
430900,located_in,430921
430900,located_in,430922
430900,located_in,430923
430900,located_in,430981
431200,located_in,431202
431200,located_in,431221
431200,located_in,431222
431200,located_in,431223
431200,located_in,431224
431200,located_in,431225
431200,located_in,431226
431200,located_in,431227
431200,located_in,431228
431200,located_in,431229
431200,located_in,431230
431200,located_in,431281
430400,located_in,430405
430400,located_in,430406
430400,located_in,430407
430400,located_in,430408
430400,located_in,430412
430400,located_in,430421
430400,located_in,430422
430400,located_in,430423
430400,located_in,430424
430400,located_in,430426
430400,located_in,430481
430400,located_in,430482
431300,located_in,431302
431300,located_in,431321
431300,located_in,431322
431300,located_in,431381
431300,located_in,431382
430100,located_in,430102
430100,located_in,430103
430100,located_in,430104
430100,located_in,430105
430100,located_in,430111
430100,located_in,430112
430100,located_in,430121
430100,located_in,430124
430100,located_in,430181
430700,located_in,430702
430700,located_in,430703
430700,located_in,430721
430700,located_in,430722
430700,located_in,430723
430700,located_in,430724
430700,located_in,430725
430700,located_in,430726
430700,located_in,430781
430600,located_in,430602
430600,located_in,430603
430600,located_in,430611
430600,located_in,430621
430600,located_in,430623
430600,located_in,430624
430600,located_in,430626
430600,located_in,430681
430600,located_in,430682
431100,located_in,431102
431100,located_in,431103
431100,located_in,431121
431100,located_in,431122
431100,located_in,431123
431100,located_in,431124
431100,located_in,431125
431100,located_in,431126
431100,located_in,431127
431100,located_in,431128
431100,located_in,431129
431000,located_in,431002
431000,located_in,431003
431000,located_in,431021
431000,located_in,431022
431000,located_in,431023
431000,located_in,431024
431000,located_in,431025
431000,located_in,431026
431000,located_in,431027
431000,located_in,431028
431000,located_in,431081
430200,located_in,430202
430200,located_in,430203
430200,located_in,430204
430200,located_in,430211
430200,located_in,430221
430200,located_in,430223
430200,located_in,430224
430200,located_in,430225
430200,located_in,430281
433100,located_in,433101
433100,located_in,433122
433100,located_in,433123
433100,located_in,433124
433100,located_in,433125
433100,located_in,433126
433100,located_in,433127
433100,located_in,433130
430800,located_in,430802
430800,located_in,430811
430800,located_in,430821
430800,located_in,430822
430500,located_in,430502
430500,located_in,430503
430500,located_in,430511
430500,located_in,430521
430500,located_in,430522
430500,located_in,430523
430500,located_in,430524
430500,located_in,430525
430500,located_in,430527
430500,located_in,430528
430500,located_in,430529
430500,located_in,430581
430300,located_in,430302
430300,located_in,430304
430300,located_in,430321
430300,located_in,430381
430300,located_in,430382
220000,located_in,222400
220000,located_in,220700
220000,located_in,220300
220000,located_in,220100
220000,located_in,220500
220000,located_in,220600
220000,located_in,220200
220000,located_in,220400
220000,located_in,220800
222400,located_in,222401
222400,located_in,222402
222400,located_in,222403
222400,located_in,222404
222400,located_in,222405
222400,located_in,222406
222400,located_in,222424
222400,located_in,222426
220700,located_in,220702
220700,located_in,220721
220700,located_in,220722
220700,located_in,220723
220700,located_in,220781
220300,located_in,220302
220300,located_in,220303
220300,located_in,220322
220300,located_in,220323
220300,located_in,220381
220300,located_in,220382
220100,located_in,220102
220100,located_in,220103
220100,located_in,220104
220100,located_in,220105
220100,located_in,220106
220100,located_in,220112
220100,located_in,220113
220100,located_in,220122
220100,located_in,220182
220100,located_in,220183
220500,located_in,220502
220500,located_in,220503
220500,located_in,220521
220500,located_in,220523
220500,located_in,220524
220500,located_in,220581
220500,located_in,220582
220600,located_in,220602
220600,located_in,220605
220600,located_in,220621
220600,located_in,220622
220600,located_in,220623
220600,located_in,220681
220200,located_in,220202
220200,located_in,220203
220200,located_in,220204
220200,located_in,220211
220200,located_in,220221
220200,located_in,220281
220200,located_in,220282
220200,located_in,220283
220200,located_in,220284
220400,located_in,220402
220400,located_in,220403
220400,located_in,220421
220400,located_in,220422
220800,located_in,220802
220800,located_in,220821
220800,located_in,220822
220800,located_in,220881
220800,located_in,220882
520000,located_in,520100
520000,located_in,520600
520000,located_in,520300
520000,located_in,520400
520000,located_in,522600
520000,located_in,522300
520000,located_in,522700
520000,located_in,520200
520000,located_in,520500
520100,located_in,520102
520100,located_in,520103
520100,located_in,520111
520100,located_in,520112
520100,located_in,520113
520100,located_in,520115
520100,located_in,520121
520100,located_in,520122
520100,located_in,520123
520100,located_in,520181
520600,located_in,520602
520600,located_in,520603
520600,located_in,520621
520600,located_in,520622
520600,located_in,520623
520600,located_in,520624
520600,located_in,520625
520600,located_in,520626
520600,located_in,520627
520600,located_in,520628
520300,located_in,520302
520300,located_in,520303
520300,located_in,520304
520300,located_in,520322
520300,located_in,520323
520300,located_in,520324
520300,located_in,520325
520300,located_in,520326
520300,located_in,520327
520300,located_in,520328
520300,located_in,520329
520300,located_in,520330
520300,located_in,520381
520300,located_in,520382
520400,located_in,520402
520400,located_in,520403
520400,located_in,520422
520400,located_in,520423
520400,located_in,520424
520400,located_in,520425
522600,located_in,522601
522600,located_in,522622
522600,located_in,522623
522600,located_in,522624
522600,located_in,522625
522600,located_in,522626
522600,located_in,522627
522600,located_in,522628
522600,located_in,522629
522600,located_in,522630
522600,located_in,522631
522600,located_in,522632
522600,located_in,522633
522600,located_in,522634
522600,located_in,522635
522600,located_in,522636
522300,located_in,522301
522300,located_in,522322
522300,located_in,522323
522300,located_in,522324
522300,located_in,522325
522300,located_in,522326
522300,located_in,522327
522300,located_in,522328
522700,located_in,522701
522700,located_in,522702
522700,located_in,522722
522700,located_in,522723
522700,located_in,522725
522700,located_in,522726
522700,located_in,522727
522700,located_in,522728
522700,located_in,522729
522700,located_in,522730
522700,located_in,522731
522700,located_in,522732
520200,located_in,520201
520200,located_in,520203
520200,located_in,520221
520200,located_in,520222
520500,located_in,520502
520500,located_in,520521
520500,located_in,520522
520500,located_in,520523
520500,located_in,520524
520500,located_in,520525
520500,located_in,520526
520500,located_in,520527
440000,located_in,440100
440000,located_in,440400
440000,located_in,441300
440000,located_in,440500
440000,located_in,442000
440000,located_in,441400
440000,located_in,441900
440000,located_in,445300
440000,located_in,440800
440000,located_in,441800
440000,located_in,441700
440000,located_in,440700
440000,located_in,445200
440000,located_in,441500
440000,located_in,440900
440000,located_in,441600
440000,located_in,440200
440000,located_in,441200
440000,located_in,445100
440000,located_in,440300
440000,located_in,440600
440100,located_in,440103
440100,located_in,440104
440100,located_in,440105
440100,located_in,440106
440100,located_in,440111
440100,located_in,440112
440100,located_in,440113
440100,located_in,440114
440100,located_in,440115
440100,located_in,440117
440100,located_in,440118
440400,located_in,440402
440400,located_in,440403
440400,located_in,440404
441300,located_in,441302
441300,located_in,441303
441300,located_in,441322
441300,located_in,441323
441300,located_in,441324
440500,located_in,440507
440500,located_in,440511
440500,located_in,440512
440500,located_in,440513
440500,located_in,440514
440500,located_in,440515
440500,located_in,440523
441400,located_in,441402
441400,located_in,441403
441400,located_in,441422
441400,located_in,441423
441400,located_in,441424
441400,located_in,441426
441400,located_in,441427
441400,located_in,441481
445300,located_in,445302
445300,located_in,445303
445300,located_in,445321
445300,located_in,445322
445300,located_in,445381
440800,located_in,440802
440800,located_in,440803
440800,located_in,440804
440800,located_in,440811
440800,located_in,440823
440800,located_in,440825
440800,located_in,440881
440800,located_in,440882
440800,located_in,440883
441800,located_in,441802
441800,located_in,441803
441800,located_in,441821
441800,located_in,441823
441800,located_in,441825
441800,located_in,441826
441800,located_in,441881
441800,located_in,441882
441700,located_in,441702
441700,located_in,441704
441700,located_in,441721
441700,located_in,441781
440700,located_in,440703
440700,located_in,440704
440700,located_in,440705
440700,located_in,440781
440700,located_in,440783
440700,located_in,440784
440700,located_in,440785
445200,located_in,445202
445200,located_in,445203
445200,located_in,445222
445200,located_in,445224
445200,located_in,445281
441500,located_in,441502
441500,located_in,441521
441500,located_in,441523
441500,located_in,441581
440900,located_in,440902
440900,located_in,440904
440900,located_in,440981
440900,located_in,440982
440900,located_in,440983
441600,located_in,441602
441600,located_in,441621
441600,located_in,441622
441600,located_in,441623
441600,located_in,441624
441600,located_in,441625
440200,located_in,440203
440200,located_in,440204
440200,located_in,440205
440200,located_in,440222
440200,located_in,440224
440200,located_in,440229
440200,located_in,440232
440200,located_in,440233
440200,located_in,440281
440200,located_in,440282
441200,located_in,441202
441200,located_in,441203
441200,located_in,441204
441200,located_in,441223
441200,located_in,441224
441200,located_in,441225
441200,located_in,441226
441200,located_in,441284
445100,located_in,445102
445100,located_in,445103
445100,located_in,445122
440300,located_in,440303
440300,located_in,440304
440300,located_in,440305
440300,located_in,440306
440300,located_in,440307
440300,located_in,440308
440300,located_in,440309
440300,located_in,440310
440600,located_in,440604
440600,located_in,440605
440600,located_in,440606
440600,located_in,440607
440600,located_in,440608
650000,located_in,652300
650000,located_in,654000
650000,located_in,652700
650000,located_in,650500
650000,located_in,654300
650000,located_in,652800
650000,located_in,650400
650000,located_in,650100
650000,located_in,652900
650000,located_in,650200
650000,located_in,653000
650000,located_in,653100
650000,located_in,654200
650000,located_in,653200
652300,located_in,652301
652300,located_in,652302
652300,located_in,652323
652300,located_in,652324
652300,located_in,652325
652300,located_in,652327
652300,located_in,652328
654000,located_in,654002
654000,located_in,654003
654000,located_in,654004
654000,located_in,654021
654000,located_in,654022
654000,located_in,654023
654000,located_in,654024
654000,located_in,654025
654000,located_in,654026
654000,located_in,654027
654000,located_in,654028
652700,located_in,652701
652700,located_in,652702
652700,located_in,652722
652700,located_in,652723
650500,located_in,650502
650500,located_in,650521
650500,located_in,650522
654300,located_in,654301
654300,located_in,654321
654300,located_in,654322
654300,located_in,654323
654300,located_in,654324
654300,located_in,654325
654300,located_in,654326
654300,located_in,659001
654300,located_in,659002
654300,located_in,659003
654300,located_in,659004
654300,located_in,659005
654300,located_in,659006
654300,located_in,659007
654300,located_in,659008
654300,located_in,659009
652800,located_in,652801
652800,located_in,652822
652800,located_in,652823
652800,located_in,652824
652800,located_in,652825
652800,located_in,652826
652800,located_in,652827
652800,located_in,652828
652800,located_in,652829
650400,located_in,650402
650400,located_in,650421
650400,located_in,650422
650100,located_in,650102
650100,located_in,650103
650100,located_in,650104
650100,located_in,650105
650100,located_in,650106
650100,located_in,650107
650100,located_in,650109
650100,located_in,650121
652900,located_in,652901
652900,located_in,652922
652900,located_in,652923
652900,located_in,652924
652900,located_in,652925
652900,located_in,652926
652900,located_in,652927
652900,located_in,652928
652900,located_in,652929
650200,located_in,650202
650200,located_in,650203
650200,located_in,650204
650200,located_in,650205
653000,located_in,653001
653000,located_in,653022
653000,located_in,653023
653000,located_in,653024
653100,located_in,653101
653100,located_in,653121
653100,located_in,653122
653100,located_in,653123
653100,located_in,653124
653100,located_in,653125
653100,located_in,653126
653100,located_in,653127
653100,located_in,653128
653100,located_in,653129
653100,located_in,653130
653100,located_in,653131
654200,located_in,654201
654200,located_in,654202
654200,located_in,654221
654200,located_in,654223
654200,located_in,654224
654200,located_in,654225
654200,located_in,654226
653200,located_in,653201
653200,located_in,653221
653200,located_in,653222
653200,located_in,653223
653200,located_in,653224
653200,located_in,653225
653200,located_in,653226
653200,located_in,653227
350000,located_in,350400
350000,located_in,350900
350000,located_in,350800
350000,located_in,350300
350000,located_in,350600
350000,located_in,350200
350000,located_in,350100
350000,located_in,350700
350000,located_in,350500
350400,located_in,350402
350400,located_in,350403
350400,located_in,350421
350400,located_in,350423
350400,located_in,350424
350400,located_in,350425
350400,located_in,350426
350400,located_in,350427
350400,located_in,350428
350400,located_in,350429
350400,located_in,350430
350400,located_in,350481
350900,located_in,350902
350900,located_in,350921
350900,located_in,350922
350900,located_in,350923
350900,located_in,350924
350900,located_in,350925
350900,located_in,350926
350900,located_in,350981
350900,located_in,350982
350800,located_in,350802
350800,located_in,350803
350800,located_in,350821
350800,located_in,350823
350800,located_in,350824
350800,located_in,350825
350800,located_in,350881
350300,located_in,350302
350300,located_in,350303
350300,located_in,350304
350300,located_in,350305
350300,located_in,350322
350600,located_in,350602
350600,located_in,350603
350600,located_in,350622
350600,located_in,350623
350600,located_in,350624
350600,located_in,350625
350600,located_in,350626
350600,located_in,350627
350600,located_in,350628
350600,located_in,350629
350600,located_in,350681
350200,located_in,350203
350200,located_in,350205
350200,located_in,350206
350200,located_in,350211
350200,located_in,350212
350200,located_in,350213
350100,located_in,350102
350100,located_in,350103
350100,located_in,350104
350100,located_in,350105
350100,located_in,350111
350100,located_in,350121
350100,located_in,350122
350100,located_in,350123
350100,located_in,350124
350100,located_in,350125
350100,located_in,350128
350100,located_in,350181
350100,located_in,350182
350700,located_in,350702
350700,located_in,350703
350700,located_in,350721
350700,located_in,350722
350700,located_in,350723
350700,located_in,350724
350700,located_in,350725
350700,located_in,350781
350700,located_in,350782
350700,located_in,350783
350500,located_in,350502
350500,located_in,350503
350500,located_in,350504
350500,located_in,350505
350500,located_in,350521
350500,located_in,350524
350500,located_in,350525
350500,located_in,350526
350500,located_in,350527
350500,located_in,350581
350500,located_in,350582
350500,located_in,350583
410000,located_in,410700
410000,located_in,410500
410000,located_in,411300
410000,located_in,411100
410000,located_in,410400
410000,located_in,411400
410000,located_in,410200
410000,located_in,410100
410000,located_in,410900
410000,located_in,411200
410000,located_in,411600
410000,located_in,410800
410000,located_in,411500
410000,located_in,411000
410000,located_in,410600
410000,located_in,410300
410000,located_in,411700
410700,located_in,410702
410700,located_in,410703
410700,located_in,410704
410700,located_in,410711
410700,located_in,410721
410700,located_in,410724
410700,located_in,410725
410700,located_in,410726
410700,located_in,410727
410700,located_in,410728
410700,located_in,410781
410700,located_in,410782
410500,located_in,410502
410500,located_in,410503
410500,located_in,410505
410500,located_in,410506
410500,located_in,410522
410500,located_in,410523
410500,located_in,410526
410500,located_in,410527
410500,located_in,410581
411300,located_in,411302
411300,located_in,411303
411300,located_in,411321
411300,located_in,411322
411300,located_in,411323
411300,located_in,411324
411300,located_in,411325
411300,located_in,411326
411300,located_in,411327
411300,located_in,411328
411300,located_in,411329
411300,located_in,411330
411300,located_in,411381
411100,located_in,411102
411100,located_in,411103
411100,located_in,411104
411100,located_in,411121
411100,located_in,411122
410400,located_in,410402
410400,located_in,410403
410400,located_in,410404
410400,located_in,410411
410400,located_in,410421
410400,located_in,410422
410400,located_in,410423
410400,located_in,410425
410400,located_in,410481
410400,located_in,410482
411400,located_in,411402
411400,located_in,411403
411400,located_in,411421
411400,located_in,411422
411400,located_in,411423
411400,located_in,411424
411400,located_in,411425
411400,located_in,411426
411400,located_in,411481
410200,located_in,410202
410200,located_in,410203
410200,located_in,410204
410200,located_in,410205
410200,located_in,410212
410200,located_in,410221
410200,located_in,410222
410200,located_in,410223
410200,located_in,410225
410100,located_in,410102
410100,located_in,410103
410100,located_in,410104
410100,located_in,410105
410100,located_in,410106
410100,located_in,410108
410100,located_in,410122
410100,located_in,410181
410100,located_in,410182
410100,located_in,410183
410100,located_in,410184
410100,located_in,410185
410900,located_in,410902
410900,located_in,410922
410900,located_in,410923
410900,located_in,410926
410900,located_in,410927
410900,located_in,410928
411200,located_in,411202
411200,located_in,411203
411200,located_in,411221
411200,located_in,411224
411200,located_in,411281
411200,located_in,411282
411600,located_in,411602
411600,located_in,411621
411600,located_in,411622
411600,located_in,411623
411600,located_in,411624
411600,located_in,411625
411600,located_in,411626
411600,located_in,411627
411600,located_in,411628
411600,located_in,411681
410800,located_in,410802
410800,located_in,410803
410800,located_in,410804
410800,located_in,410811
410800,located_in,410821
410800,located_in,410822
410800,located_in,410823
410800,located_in,410825
410800,located_in,410882
410800,located_in,410883
411500,located_in,411502
411500,located_in,411503
411500,located_in,411521
411500,located_in,411522
411500,located_in,411523
411500,located_in,411524
411500,located_in,411525
411500,located_in,411526
411500,located_in,411527
411500,located_in,411528
411000,located_in,411002
411000,located_in,411003
411000,located_in,411024
411000,located_in,411025
411000,located_in,411081
411000,located_in,411082
410600,located_in,410602
410600,located_in,410603
410600,located_in,410611
410600,located_in,410621
410600,located_in,410622
410300,located_in,410302
410300,located_in,410303
410300,located_in,410304
410300,located_in,410305
410300,located_in,410306
410300,located_in,410311
410300,located_in,410322
410300,located_in,410323
410300,located_in,410324
410300,located_in,410325
410300,located_in,410326
410300,located_in,410327
410300,located_in,410328
410300,located_in,410329
410300,located_in,410381
411700,located_in,411702
411700,located_in,411721
411700,located_in,411722
411700,located_in,411723
411700,located_in,411724
411700,located_in,411725
411700,located_in,411726
411700,located_in,411727
411700,located_in,411728
411700,located_in,411729
411700,located_in,419001
460000,located_in,460300
460000,located_in,460400
460000,located_in,460100
460000,located_in,460200
460400,located_in,469001
460400,located_in,469002
460400,located_in,469005
460400,located_in,469006
460400,located_in,469007
460400,located_in,469021
460400,located_in,469022
460400,located_in,469023
460400,located_in,469024
460400,located_in,469025
460400,located_in,469026
460400,located_in,469027
460400,located_in,469028
460400,located_in,469029
460400,located_in,469030
460100,located_in,460105
460100,located_in,460106
460100,located_in,460107
460100,located_in,460108
460200,located_in,460202
460200,located_in,460203
460200,located_in,460204
460200,located_in,460205
150000,located_in,150800
150000,located_in,152500
150000,located_in,150600
150000,located_in,150500
150000,located_in,150400
150000,located_in,150300
150000,located_in,150100
150000,located_in,152200
150000,located_in,150200
150000,located_in,152900
150000,located_in,150700
150000,located_in,150900
150800,located_in,150802
150800,located_in,150821
150800,located_in,150822
150800,located_in,150823
150800,located_in,150824
150800,located_in,150825
150800,located_in,150826
152500,located_in,152501
152500,located_in,152502
152500,located_in,152522
152500,located_in,152523
152500,located_in,152524
152500,located_in,152525
152500,located_in,152526
152500,located_in,152527
152500,located_in,152528
152500,located_in,152529
152500,located_in,152530
152500,located_in,152531
150600,located_in,150602
150600,located_in,150603
150600,located_in,150621
150600,located_in,150622
150600,located_in,150623
150600,located_in,150624
150600,located_in,150625
150600,located_in,150626
150600,located_in,150627
150500,located_in,150502
150500,located_in,150521
150500,located_in,150522
150500,located_in,150523
150500,located_in,150524
150500,located_in,150525
150500,located_in,150526
150500,located_in,150581
150400,located_in,150402
150400,located_in,150403
150400,located_in,150404
150400,located_in,150421
150400,located_in,150422
150400,located_in,150423
150400,located_in,150424
150400,located_in,150425
150400,located_in,150426
150400,located_in,150428
150400,located_in,150429
150400,located_in,150430
150300,located_in,150302
150300,located_in,150303
150300,located_in,150304
150100,located_in,150102
150100,located_in,150103
150100,located_in,150104
150100,located_in,150105
150100,located_in,150121
150100,located_in,150122
150100,located_in,150123
150100,located_in,150124
150100,located_in,150125
152200,located_in,152201
152200,located_in,152202
152200,located_in,152221
152200,located_in,152222
152200,located_in,152223
152200,located_in,152224
150200,located_in,150202
150200,located_in,150203
150200,located_in,150204
150200,located_in,150205
150200,located_in,150206
150200,located_in,150207
150200,located_in,150221
150200,located_in,150222
150200,located_in,150223
152900,located_in,152921
152900,located_in,152922
152900,located_in,152923
150700,located_in,150702
150700,located_in,150703
150700,located_in,150721
150700,located_in,150722
150700,located_in,150723
150700,located_in,150724
150700,located_in,150725
150700,located_in,150726
150700,located_in,150727
150700,located_in,150781
150700,located_in,150782
150700,located_in,150783
150700,located_in,150784
150700,located_in,150785
150900,located_in,150902
150900,located_in,150921
150900,located_in,150922
150900,located_in,150923
150900,located_in,150924
150900,located_in,150925
150900,located_in,150926
150900,located_in,150927
150900,located_in,150928
150900,located_in,150929
150900,located_in,150981
110000,located_in,110101
110000,located_in,110118
110000,located_in,110111
110000,located_in,110108
110000,located_in,110106
110000,located_in,110105
110000,located_in,110109
110000,located_in,110119
110000,located_in,110116
110000,located_in,110112
110000,located_in,110117
110000,located_in,110113
110000,located_in,110107
110000,located_in,110102
110000,located_in,110115
110000,located_in,110114
130000,located_in,130700
130000,located_in,130400
130000,located_in,130500
130000,located_in,130100
130000,located_in,131000
130000,located_in,130800
130000,located_in,130200
130000,located_in,130900
130000,located_in,130600
130000,located_in,131100
130000,located_in,130300
130700,located_in,130702
130700,located_in,130703
130700,located_in,130705
130700,located_in,130706
130700,located_in,130708
130700,located_in,130709
130700,located_in,130722
130700,located_in,130723
130700,located_in,130724
130700,located_in,130725
130700,located_in,130726
130700,located_in,130727
130700,located_in,130728
130700,located_in,130730
130700,located_in,130731
130700,located_in,130732
130400,located_in,130402
130400,located_in,130403
130400,located_in,130404
130400,located_in,130406
130400,located_in,130407
130400,located_in,130408
130400,located_in,130423
130400,located_in,130424
130400,located_in,130425
130400,located_in,130426
130400,located_in,130427
130400,located_in,130430
130400,located_in,130431
130400,located_in,130432
130400,located_in,130433
130400,located_in,130434
130400,located_in,130435
130400,located_in,130481
130500,located_in,130502
130500,located_in,130503
130500,located_in,130521
130500,located_in,130522
130500,located_in,130523
130500,located_in,130524
130500,located_in,130525
130500,located_in,130526
130500,located_in,130527
130500,located_in,130528
130500,located_in,130529
130500,located_in,130530
130500,located_in,130531
130500,located_in,130532
130500,located_in,130533
130500,located_in,130534
130500,located_in,130535
130500,located_in,130581
130500,located_in,130582
130100,located_in,130102
130100,located_in,130104
130100,located_in,130105
130100,located_in,130107
130100,located_in,130108
130100,located_in,130109
130100,located_in,130110
130100,located_in,130111
130100,located_in,130121
130100,located_in,130123
130100,located_in,130125
130100,located_in,130126
130100,located_in,130127
130100,located_in,130128
130100,located_in,130129
130100,located_in,130130
130100,located_in,130131
130100,located_in,130132
130100,located_in,130133
130100,located_in,130181
130100,located_in,130183
130100,located_in,130184
131000,located_in,131002
131000,located_in,131003
131000,located_in,131022
131000,located_in,131023
131000,located_in,131024
131000,located_in,131025
131000,located_in,131026
131000,located_in,131028
131000,located_in,131081
131000,located_in,131082
130800,located_in,130802
130800,located_in,130803
130800,located_in,130804
130800,located_in,130821
130800,located_in,130822
130800,located_in,130823
130800,located_in,130824
130800,located_in,130825
130800,located_in,130826
130800,located_in,130827
130800,located_in,130828
130200,located_in,130202
130200,located_in,130203
130200,located_in,130204
130200,located_in,130205
130200,located_in,130207
130200,located_in,130208
130200,located_in,130209
130200,located_in,130223
130200,located_in,130224
130200,located_in,130225
130200,located_in,130227
130200,located_in,130229
130200,located_in,130281
130200,located_in,130283
130900,located_in,130902
130900,located_in,130903
130900,located_in,130921
130900,located_in,130922
130900,located_in,130923
130900,located_in,130924
130900,located_in,130925
130900,located_in,130926
130900,located_in,130927
130900,located_in,130928
130900,located_in,130929
130900,located_in,130930
130900,located_in,130981
130900,located_in,130982
130900,located_in,130983
130900,located_in,130984
130600,located_in,130602
130600,located_in,130606
130600,located_in,130607
130600,located_in,130608
130600,located_in,130609
130600,located_in,130623
130600,located_in,130624
130600,located_in,130626
130600,located_in,130627
130600,located_in,130628
130600,located_in,130629
130600,located_in,130630
130600,located_in,130631
130600,located_in,130632
130600,located_in,130633
130600,located_in,130634
130600,located_in,130635
130600,located_in,130636
130600,located_in,130637
130600,located_in,130638
130600,located_in,130681
130600,located_in,130682
130600,located_in,130683
130600,located_in,130684
131100,located_in,131102
131100,located_in,131103
131100,located_in,131121
131100,located_in,131122
131100,located_in,131123
131100,located_in,131124
131100,located_in,131125
131100,located_in,131126
131100,located_in,131127
131100,located_in,131128
131100,located_in,131182
130300,located_in,130302
130300,located_in,130303
130300,located_in,130304
130300,located_in,130306
130300,located_in,130321
130300,located_in,130322
130300,located_in,130324
